,loss,accuracy,val_loss,val_accuracy
0,1.6108555793762207,0.19190238416194916,1.6055183410644531,0.2566964328289032
1,1.6024483442306519,0.22795340418815613,1.581410527229309,0.2723214328289032
2,1.552168607711792,0.29950082302093506,1.5614081621170044,0.2857142984867096
3,1.536496639251709,0.3044925034046173,1.5659185647964478,0.2633928656578064
4,1.5238919258117676,0.31946754455566406,1.533375859260559,0.28125
