,loss,accuracy,val_loss,val_accuracy
0,1.7416152954101562,0.2063227891921997,1.603624939918518,0.25
