,loss,accuracy,val_loss,val_accuracy
0,1.6204190254211426,0.2168607860803604,2371.273193359375,0.2949061691761017
