,loss,accuracy,val_loss,val_accuracy
0,1.6086935997009277,0.1974487006664276,1.6038048267364502,0.2120535671710968
1,1.5994547605514526,0.2046588957309723,1.5845929384231567,0.2790178656578064
