,loss,accuracy,val_loss,val_accuracy
0,1.608601689338684,0.21242374181747437,1.586327075958252,0.16487935185432434
