,loss,accuracy,val_loss,val_accuracy
0,1.6087759733200073,0.2057681679725647,1.60200035572052,0.2120535671710968
