,loss,accuracy,val_loss,val_accuracy
0,1.6081355810165405,0.20244038105010986,1.5914263725280762,0.16487935185432434
