,loss,accuracy,val_loss,val_accuracy
0,1.610205888748169,0.21852467954158783,1.6313797235488892,0.1608579158782959
